"period","trap","data_count","missing"
"2011A",1,6,FALSE
"2011A",2,0,TRUE
"2011A",3,0,TRUE
"2011A",4,6,FALSE
"2011A",5,0,TRUE
"2011A",6,4,FALSE
"2011A",7,0,TRUE
"2011A",8,2,FALSE
"2011A",9,0,TRUE
"2011A",10,19,FALSE
"2011A",11,0,TRUE
"2011A",12,0,TRUE
"2011A",13,0,TRUE
"2011A",14,0,TRUE
"2011A",15,0,TRUE
"2011A",16,0,TRUE
"2011A",17,0,TRUE
"2011A",18,0,TRUE
"2011A",19,0,TRUE
"2011A",20,0,TRUE
"2011A",21,0,TRUE
"2011A",22,0,TRUE
"2011A",23,0,TRUE
"2011A",24,0,TRUE
"2011A",25,1,FALSE
"2011A",26,0,TRUE
"2011A",27,0,TRUE
"2011A",28,1,FALSE
"2011A",29,0,TRUE
"2011A",30,4,FALSE
"2011A",31,0,TRUE
"2011A",32,0,TRUE
"2011A",33,5,FALSE
"2011A",34,8,FALSE
"2011A",35,0,TRUE
"2011A",36,0,TRUE
"2011A",37,0,TRUE
"2011A",38,0,TRUE
"2011A",39,0,TRUE
"2011A",40,0,TRUE
"2011A",41,0,TRUE
"2011A",42,0,TRUE
"2011A",43,0,TRUE
"2011A",44,0,TRUE
"2011A",45,0,TRUE
"2011A",46,0,TRUE
"2011A",47,0,TRUE
"2011A",48,0,TRUE
"2011A",49,0,TRUE
"2011A",50,0,TRUE
"2011A",51,0,TRUE
"2011A",52,0,TRUE
"2011A",53,0,TRUE
"2011A",54,0,TRUE
"2011A",55,0,TRUE
"2011A",56,0,TRUE
"2011A",57,0,TRUE
"2011A",58,0,TRUE
"2011A",59,0,TRUE
"2011A",60,0,TRUE
"2011A",61,0,TRUE
"2011A",62,0,TRUE
"2011A",63,0,TRUE
"2011A",64,0,TRUE
"2011A",65,0,TRUE
"2011A",66,0,TRUE
"2011A",67,0,TRUE
"2011A",68,0,TRUE
"2011A",69,0,TRUE
"2011A",70,0,TRUE
"2011A",71,0,TRUE
"2011A",72,0,TRUE
"2011A",73,0,TRUE
"2011A",74,0,TRUE
"2011A",75,0,TRUE
"2011A",76,0,TRUE
"2011A",77,0,TRUE
"2011A",78,0,TRUE
"2011A",79,0,TRUE
"2011A",80,0,TRUE
"2011A",81,0,TRUE
"2011A",82,0,TRUE
"2011A",83,0,TRUE
"2011A",84,0,TRUE
"2011A",85,0,TRUE
"2011A",86,0,TRUE
"2011A",87,0,TRUE
"2011A",88,0,TRUE
"2011A",89,0,TRUE
"2011A",90,0,TRUE
"2011A",91,0,TRUE
"2011A",92,0,TRUE
"2011A",93,0,TRUE
"2011A",94,0,TRUE
"2011A",95,0,TRUE
"2011A",96,0,TRUE
"2011A",97,0,FALSE
"2011A",98,0,TRUE
"2011A",99,0,TRUE
"2011A",100,8,FALSE
"2011A",101,0,TRUE
"2011A",102,2,FALSE
"2011A",103,0,FALSE
"2011A",104,2,FALSE
"2011A",105,0,FALSE
"2011A",106,6,FALSE
"2011A",107,0,TRUE
"2011A",108,0,TRUE
"2011A",109,37,FALSE
"2011A",110,46,FALSE
"2011A",111,131,FALSE
"2011A",112,66,FALSE
"2011A",113,33,FALSE
"2011A",114,11,FALSE
"2011A",115,0,TRUE
"2011A",116,0,TRUE
"2011A",117,0,TRUE
"2011A",118,0,TRUE
"2011A",119,0,TRUE
"2011A",120,0,TRUE
"2011A",121,0,TRUE
"2011A",122,37,FALSE
"2011A",123,0,TRUE
"2011A",124,22,FALSE
"2011A",125,43,FALSE
"2011A",126,0,TRUE
"2011A",127,38,FALSE
"2011A",128,0,TRUE
"2011A",129,71,FALSE
"2011A",130,92,FALSE
"2011A",131,0,TRUE
"2011A",132,0,TRUE
"2011A",133,4,FALSE
"2011A",134,0,TRUE
"2011A",135,6,FALSE
"2011A",136,0,TRUE
"2011A",137,0,TRUE
"2011A",138,0,TRUE
"2011A",139,0,TRUE
"2011A",140,0,FALSE
"2011A",141,0,TRUE
"2011A",142,0,TRUE
"2011A",143,6,FALSE
"2011A",144,10,FALSE
"2011A",145,90,FALSE
"2011A",146,50,FALSE
"2011A",147,0,TRUE
"2011A",148,0,TRUE
"2011A",149,0,TRUE
"2011A",150,27,FALSE
"2011A",151,0,TRUE
"2011A",152,21,FALSE
"2011A",153,30,FALSE
"2011A",154,0,TRUE
"2011A",155,0,TRUE
"2011A",156,0,TRUE
"2011A",157,0,TRUE
"2011A",158,62,FALSE
"2011A",159,2,FALSE
"2011A",160,0,TRUE
"2011A",161,22,FALSE
"2011A",162,15,FALSE
"2011A",163,8,FALSE
"2011A",164,0,TRUE
"2011A",165,0,TRUE
"2011A",166,0,TRUE
"2011A",167,11,FALSE
"2011A",168,0,TRUE
"2011A",169,88,FALSE
"2011A",170,0,TRUE
"2011A",171,0,TRUE
"2011A",172,0,TRUE
"2011A",173,132,FALSE
"2011A",174,0,TRUE
"2011A",175,0,TRUE
"2011A",176,0,TRUE
"2011A",177,42,FALSE
"2011A",178,81,FALSE
"2011A",179,10,FALSE
"2011A",180,0,TRUE
"2011A",181,0,TRUE
"2011A",182,0,TRUE
"2011A",183,0,TRUE
"2011A",184,37,FALSE
"2011A",185,15,FALSE
"2011A",186,0,TRUE
"2011A",187,5,FALSE
"2011A",188,18,FALSE
"2011A",189,0,TRUE
"2011A",190,134,FALSE
"2011A",191,0,TRUE
"2011A",192,0,TRUE
"2011A",193,58,FALSE
"2011A",194,49,FALSE
"2011A",195,58,FALSE
"2011A",196,17,FALSE
"2011A",197,63,FALSE
"2011A",198,8,FALSE
"2011A",199,158,FALSE
"2011A",200,137,FALSE
"2011A",201,51,FALSE
"2011A",202,112,FALSE
"2011A",203,197,FALSE
"2011A",204,41,FALSE
"2011A",205,48,FALSE
"2011A",206,24,FALSE
"2011A",207,92,FALSE
"2011A",208,6,FALSE
"2011A",209,1,FALSE
"2011A",210,299,FALSE
"2011A",211,112,FALSE
"2011A",212,56,FALSE
"2011A",213,19,FALSE
"2011A",214,11,FALSE
"2011A",215,24,FALSE
"2011A",216,18,FALSE
"2011A",217,0,TRUE
"2011A",218,41,FALSE
"2011A",219,0,TRUE
"2011A",220,0,TRUE
"2011A",221,0,TRUE
"2011A",222,0,TRUE
"2011A",223,19,FALSE
"2011A",224,0,FALSE
"2011A",225,17,FALSE
"2011A",226,5,FALSE
"2011A",227,0,TRUE
"2011A",228,4,FALSE
"2011A",229,64,FALSE
"2011A",230,0,TRUE
"2011A",231,0,TRUE
"2011A",232,10,FALSE
"2011A",233,0,TRUE
"2011A",234,28,FALSE
"2011A",235,28,FALSE
"2011A",236,0,TRUE
"2011A",237,27,FALSE
"2011A",238,1,FALSE
"2011A",239,0,TRUE
"2011A",240,27,FALSE
"2011A",241,0,TRUE
"2011A",242,0,TRUE
"2011A",243,0,TRUE
"2011A",244,0,TRUE
"2011A",245,0,TRUE
"2011A",246,0,TRUE
"2011A",247,0,TRUE
"2011A",248,0,TRUE
"2011A",249,0,TRUE
"2011A",250,0,TRUE
"2011A",251,0,TRUE
"2011A",252,0,TRUE
"2011A",253,35,FALSE
"2011A",254,61,FALSE
"2011A",255,7,FALSE
"2011A",256,58,FALSE
"2011A",257,0,TRUE
"2011A",258,0,TRUE
"2011A",259,25,FALSE
"2011A",260,23,FALSE
"2011A",261,0,TRUE
"2011A",262,0,TRUE
"2011A",263,0,TRUE
"2011A",264,0,TRUE
"2011A",265,40,FALSE
"2011A",266,24,FALSE
"2011A",267,18,FALSE
"2011A",268,10,FALSE
"2011A",269,0,TRUE
"2011A",270,0,TRUE
"2011A",271,0,TRUE
"2011A",272,34,FALSE
"2011A",273,0,TRUE
"2011A",274,0,TRUE
"2011A",275,0,FALSE
"2011A",276,0,TRUE
"2011A",277,0,TRUE
"2011A",278,0,TRUE
"2011A",279,0,TRUE
"2011A",280,0,TRUE
"2011A",281,0,TRUE
"2011A",282,0,TRUE
"2011A",283,0,TRUE
"2011A",284,0,TRUE
"2011A",285,0,TRUE
"2011A",286,0,TRUE
"2011A",287,0,TRUE
"2011A",288,0,TRUE
"2011A",289,11,FALSE
"2011A",290,9,FALSE
"2011A",291,11,FALSE
"2011A",292,112,FALSE
"2011A",293,85,FALSE
"2011A",294,138,FALSE
"2011A",295,14,FALSE
"2011A",296,25,FALSE
"2011A",297,44,FALSE
"2011A",298,7,FALSE
"2011A",299,106,FALSE
"2011A",300,40,FALSE
"2011A",301,114,FALSE
"2011A",302,18,FALSE
"2011A",303,30,FALSE
"2011A",304,2,FALSE
"2011A",305,8,FALSE
"2011A",306,52,FALSE
"2011A",307,32,FALSE
"2011A",308,24,FALSE
"2011A",309,11,FALSE
"2011A",310,55,FALSE
"2011A",311,104,FALSE
"2011A",312,6,FALSE
"2011A",313,48,FALSE
"2011A",314,17,FALSE
"2011A",315,66,FALSE
"2011A",316,0,TRUE
"2011A",317,6,FALSE
"2011A",318,15,FALSE
"2011A",319,25,FALSE
"2011A",320,65,FALSE
"2011A",321,24,FALSE
"2011A",322,0,TRUE
"2011A",323,7,FALSE
"2011A",324,15,FALSE
"2011A",325,4,FALSE
"2011A",326,0,TRUE
"2011A",327,5,FALSE
"2011A",328,8,FALSE
"2011A",329,8,FALSE
"2011A",330,23,FALSE
"2011A",331,6,FALSE
"2011A",332,0,TRUE
"2011A",333,0,TRUE
"2011A",334,14,FALSE
"2011A",335,17,FALSE
"2011A",336,12,FALSE
"2011A",337,10,FALSE
"2011A",338,7,FALSE
"2011A",339,11,FALSE
"2011A",340,0,TRUE
"2011A",341,5,FALSE
"2011A",342,11,FALSE
"2011A",343,0,TRUE
"2011A",344,36,FALSE
"2011A",345,0,TRUE
"2011A",346,8,FALSE
"2011A",347,0,TRUE
"2011A",348,0,TRUE
"2011A",349,0,TRUE
"2011A",350,0,TRUE
"2011A",351,0,TRUE
"2011A",352,3,FALSE
"2011A",353,13,FALSE
"2011A",354,0,TRUE
"2011A",355,6,FALSE
"2011A",356,10,FALSE
"2011A",357,17,FALSE
"2011A",358,7,FALSE
"2011A",359,0,TRUE
"2011A",360,4,FALSE
"2011A",361,0,TRUE
"2011A",362,0,TRUE
"2011A",363,0,TRUE
"2011A",364,0,TRUE
"2011A",365,4,FALSE
"2011A",366,3,FALSE
"2011A",367,0,TRUE
"2011A",368,0,TRUE
"2011A",369,18,FALSE
"2011A",370,17,FALSE
"2011A",371,29,FALSE
"2011A",372,11,FALSE
"2011A",373,19,FALSE
"2011A",374,71,FALSE
"2011A",375,3,FALSE
"2011A",376,0,TRUE
"2011A",377,0,TRUE
"2011A",378,0,FALSE
"2011A",379,0,TRUE
"2011A",380,0,TRUE
"2011A",381,0,TRUE
"2011A",382,0,TRUE
"2011A",383,0,TRUE
"2011A",384,3,FALSE
"2011A",385,0,TRUE
"2011A",386,19,FALSE
"2011A",387,3,FALSE
"2011A",388,0,TRUE
"2011A",389,0,TRUE
"2011A",390,0,TRUE
"2011A",391,0,TRUE
"2011A",392,0,TRUE
"2011A",393,0,TRUE
"2011A",394,19,FALSE
"2011A",395,64,FALSE
"2011A",396,71,FALSE
"2011A",397,82,FALSE
"2011A",398,125,FALSE
"2011A",399,22,FALSE
"2011A",400,88,FALSE
"2011A",401,61,FALSE
"2011A",402,118,FALSE
"2011A",403,21,FALSE
"2011A",404,35,FALSE
"2011A",405,97,FALSE
"2011A",406,50,FALSE
"2011A",407,33,FALSE
"2011A",408,43,FALSE
"2011A",409,44,FALSE
"2011A",410,54,FALSE
"2011A",411,54,FALSE
"2011A",412,176,FALSE
"2011A",413,49,FALSE
"2011A",414,61,FALSE
"2011A",415,126,FALSE
"2011A",416,44,FALSE
"2011A",417,35,FALSE
"2011A",418,48,FALSE
"2011A",419,80,FALSE
"2011A",420,16,FALSE
"2011A",421,0,TRUE
"2011A",422,51,FALSE
"2011A",423,0,TRUE
"2011A",424,80,FALSE
"2011A",425,99,FALSE
"2011A",426,0,TRUE
"2011A",427,0,TRUE
"2011A",428,0,TRUE
"2011A",429,31,FALSE
"2011A",430,38,FALSE
"2011A",431,0,TRUE
"2011A",432,4,FALSE
"2011A",433,1,FALSE
"2011A",434,105,FALSE
"2011A",435,0,TRUE
"2011A",436,38,FALSE
"2011A",437,0,TRUE
"2011A",438,0,TRUE
"2011A",439,0,TRUE
"2011A",440,0,TRUE
"2011A",441,0,TRUE
"2011A",442,0,TRUE
"2011A",443,11,FALSE
"2011A",444,0,TRUE
"2011A",445,80,FALSE
"2011A",446,0,TRUE
"2011A",447,90,FALSE
"2011A",448,0,TRUE
"2011A",449,0,TRUE
"2011A",450,9,FALSE
"2011A",451,20,FALSE
"2011A",452,7,FALSE
"2011A",453,0,TRUE
"2011A",454,40,FALSE
"2011A",455,0,TRUE
"2011A",456,20,FALSE
"2011A",457,0,TRUE
"2011A",458,0,TRUE
"2011A",459,0,TRUE
"2011A",460,0,TRUE
"2011A",461,19,FALSE
"2011A",462,3,FALSE
"2011A",463,0,TRUE
"2011A",464,0,TRUE
"2011A",465,10,FALSE
"2011A",466,27,FALSE
"2011A",467,0,TRUE
"2011A",468,0,TRUE
"2011A",469,24,FALSE
"2011A",470,0,TRUE
"2011A",471,0,TRUE
"2011A",472,0,TRUE
"2011A",473,0,TRUE
"2011A",474,0,TRUE
"2011A",475,0,TRUE
"2011A",476,0,TRUE
"2011A",477,0,TRUE
"2011A",478,0,TRUE
"2011A",479,0,TRUE
"2011A",480,0,TRUE
"2011A",481,0,TRUE
"2011A",482,0,TRUE
"2011A",483,0,TRUE
"2011A",484,0,TRUE
"2011A",485,0,TRUE
"2011A",486,0,TRUE
"2011A",487,0,TRUE
"2011A",488,0,TRUE
"2011A",489,0,TRUE
"2011A",490,0,TRUE
"2011A",491,0,TRUE
"2011A",492,0,TRUE
"2011A",493,0,TRUE
"2011A",494,0,TRUE
"2011A",495,0,TRUE
"2011A",496,0,TRUE
"2011A",497,0,TRUE
"2011A",498,0,TRUE
"2011A",499,0,TRUE
"2011A",500,0,TRUE
"2011A",501,0,TRUE
"2011A",502,0,TRUE
"2011A",503,0,TRUE
"2011A",504,0,TRUE
"2011A",505,0,TRUE
"2011A",506,0,TRUE
"2011A",507,0,TRUE
"2011A",508,0,TRUE
"2011A",509,0,TRUE
"2011A",510,0,TRUE
"2011A",511,0,TRUE
"2011A",512,0,TRUE
"2011A",513,0,TRUE
"2011A",514,0,TRUE
"2011A",515,0,TRUE
"2011A",516,0,TRUE
"2011A",517,0,TRUE
"2011A",518,0,TRUE
"2011A",519,0,TRUE
"2011A",520,0,TRUE
"2011A",521,0,TRUE
"2011A",522,0,TRUE
"2011A",523,0,TRUE
"2011A",524,0,TRUE
"2011A",525,0,TRUE
"2011A",526,0,TRUE
"2011A",527,0,TRUE
"2011A",528,0,TRUE
"2011A",529,42,FALSE
"2011A",530,0,TRUE
"2011A",531,31,FALSE
"2011A",532,32,FALSE
"2011A",533,19,FALSE
"2011A",534,9,FALSE
"2011A",535,11,FALSE
"2011A",536,0,TRUE
"2011A",537,0,TRUE
"2011A",538,0,TRUE
"2011A",539,0,TRUE
"2011A",540,35,FALSE
"2011A",541,6,FALSE
"2011A",542,11,FALSE
"2011A",543,40,FALSE
"2011A",544,0,TRUE
"2011A",545,28,FALSE
"2011A",546,0,TRUE
"2011A",547,0,TRUE
"2011A",548,0,TRUE
"2011A",549,42,FALSE
"2011A",550,0,TRUE
"2011A",551,39,FALSE
"2011A",552,0,TRUE
"2011A",553,0,TRUE
"2011A",554,0,TRUE
"2011A",555,23,FALSE
"2011A",556,0,TRUE
"2011A",557,0,TRUE
"2011A",558,0,TRUE
"2011A",559,8,FALSE
"2011A",560,0,TRUE
"2011A",561,0,TRUE
"2011A",562,0,TRUE
"2011A",563,0,TRUE
"2011A",564,0,TRUE
"2011A",565,0,TRUE
"2011A",566,0,TRUE
"2011A",567,0,TRUE
"2011A",568,0,TRUE
"2011A",569,0,TRUE
"2011A",570,0,TRUE
"2011A",571,0,TRUE
"2011A",572,0,TRUE
"2011A",573,0,TRUE
"2011A",574,0,TRUE
"2011A",575,0,TRUE
"2011A",576,0,TRUE
"2011A",577,0,TRUE
"2011A",578,0,TRUE
"2011A",579,0,TRUE
"2011B",1,18,FALSE
"2011B",2,24,FALSE
"2011B",3,35,FALSE
"2011B",4,19,FALSE
"2011B",5,18,FALSE
"2011B",6,16,FALSE
"2011B",7,17,FALSE
"2011B",8,17,FALSE
"2011B",9,14,FALSE
"2011B",10,24,FALSE
"2011B",11,20,FALSE
"2011B",12,19,FALSE
"2011B",13,14,FALSE
"2011B",14,13,FALSE
"2011B",15,14,FALSE
"2011B",16,17,FALSE
"2011B",17,17,FALSE
"2011B",18,14,FALSE
"2011B",19,15,FALSE
"2011B",20,14,FALSE
"2011B",21,14,FALSE
"2011B",22,17,FALSE
"2011B",23,14,FALSE
"2011B",24,14,FALSE
"2011B",25,19,FALSE
"2011B",26,15,FALSE
"2011B",27,24,FALSE
"2011B",28,13,FALSE
"2011B",29,14,FALSE
"2011B",30,18,FALSE
"2011B",31,14,FALSE
"2011B",32,18,FALSE
"2011B",33,13,FALSE
"2011B",34,21,FALSE
"2011B",35,18,FALSE
"2011B",36,15,FALSE
"2011B",37,13,FALSE
"2011B",38,15,FALSE
"2011B",39,21,FALSE
"2011B",40,16,FALSE
"2011B",41,13,FALSE
"2011B",42,13,FALSE
"2011B",43,16,FALSE
"2011B",44,14,FALSE
"2011B",45,17,FALSE
"2011B",46,13,FALSE
"2011B",47,13,FALSE
"2011B",48,14,FALSE
"2011B",49,16,FALSE
"2011B",50,13,FALSE
"2011B",51,14,FALSE
"2011B",52,22,FALSE
"2011B",53,14,FALSE
"2011B",54,16,FALSE
"2011B",55,31,FALSE
"2011B",56,13,FALSE
"2011B",57,16,FALSE
"2011B",58,14,FALSE
"2011B",59,22,FALSE
"2011B",60,14,FALSE
"2011B",61,16,FALSE
"2011B",62,13,FALSE
"2011B",63,14,FALSE
"2011B",64,13,FALSE
"2011B",65,14,FALSE
"2011B",66,14,FALSE
"2011B",67,15,FALSE
"2011B",68,14,FALSE
"2011B",69,17,FALSE
"2011B",70,17,FALSE
"2011B",71,17,FALSE
"2011B",72,14,FALSE
"2011B",73,16,FALSE
"2011B",74,14,FALSE
"2011B",75,14,FALSE
"2011B",76,15,FALSE
"2011B",77,13,FALSE
"2011B",78,19,FALSE
"2011B",79,17,FALSE
"2011B",80,44,FALSE
"2011B",81,96,FALSE
"2011B",82,28,FALSE
"2011B",83,49,FALSE
"2011B",84,21,FALSE
"2011B",85,40,FALSE
"2011B",86,23,FALSE
"2011B",87,40,FALSE
"2011B",88,13,FALSE
"2011B",89,17,FALSE
"2011B",90,22,FALSE
"2011B",91,26,FALSE
"2011B",92,35,FALSE
"2011B",93,15,FALSE
"2011B",94,20,FALSE
"2011B",95,35,FALSE
"2011B",96,22,FALSE
"2011B",97,13,FALSE
"2011B",98,18,FALSE
"2011B",99,13,FALSE
"2011B",100,14,FALSE
"2011B",101,15,FALSE
"2011B",102,56,FALSE
"2011B",103,14,FALSE
"2011B",104,13,FALSE
"2011B",105,16,FALSE
"2011B",106,13,FALSE
"2011B",107,16,FALSE
"2011B",108,14,FALSE
"2011B",109,14,FALSE
"2011B",110,13,FALSE
"2011B",111,16,FALSE
"2011B",112,13,FALSE
"2011B",113,13,FALSE
"2011B",114,13,FALSE
"2011B",115,16,FALSE
"2011B",116,14,FALSE
"2011B",117,15,FALSE
"2011B",118,11,FALSE
"2011B",119,2,FALSE
"2011B",120,1,FALSE
"2011B",121,2,FALSE
"2011B",122,2,FALSE
"2011B",123,6,FALSE
"2011B",124,1,FALSE
"2011B",125,0,TRUE
"2011B",126,3,FALSE
"2011B",127,2,FALSE
"2011B",128,1,FALSE
"2011B",129,1,FALSE
"2011B",130,7,FALSE
"2011B",131,7,FALSE
"2011B",132,1,FALSE
"2011B",133,3,FALSE
"2011B",134,0,TRUE
"2011B",135,0,TRUE
"2011B",136,1,FALSE
"2011B",137,3,FALSE
"2011B",138,14,FALSE
"2011B",139,1,FALSE
"2011B",140,0,TRUE
"2011B",141,1,FALSE
"2011B",142,0,TRUE
"2011B",143,4,FALSE
"2011B",144,0,TRUE
"2011B",145,4,FALSE
"2011B",146,2,FALSE
"2011B",147,12,FALSE
"2011B",148,19,FALSE
"2011B",149,2,FALSE
"2011B",150,39,FALSE
"2011B",151,0,FALSE
"2011B",152,0,FALSE
"2011B",153,11,FALSE
"2011B",154,0,FALSE
"2011B",155,0,FALSE
"2011B",156,9,FALSE
"2011B",157,0,FALSE
"2011B",158,5,FALSE
"2011B",159,0,FALSE
"2011B",160,0,FALSE
"2011B",161,1,FALSE
"2011B",162,5,FALSE
"2011B",163,0,FALSE
"2011B",164,24,FALSE
"2011B",165,11,FALSE
"2011B",166,2,FALSE
"2011B",167,4,FALSE
"2011B",168,1,FALSE
"2011B",169,6,FALSE
"2011B",170,12,FALSE
"2011B",171,6,FALSE
"2011B",172,62,FALSE
"2011B",173,4,FALSE
"2011B",174,8,FALSE
"2011B",175,1,FALSE
"2011B",176,10,FALSE
"2011B",177,154,FALSE
"2011B",178,51,FALSE
"2011B",179,5,FALSE
"2011B",180,122,FALSE
"2011B",181,0,FALSE
"2011B",182,8,FALSE
"2011B",183,7,FALSE
"2011B",184,7,FALSE
"2011B",185,8,FALSE
"2011B",186,4,FALSE
"2011B",187,11,FALSE
"2011B",188,3,FALSE
"2011B",189,6,FALSE
"2011B",190,19,FALSE
"2011B",191,11,FALSE
"2011B",192,30,FALSE
"2011B",193,18,FALSE
"2011B",194,3,FALSE
"2011B",195,5,FALSE
"2011B",196,21,FALSE
"2011B",197,12,FALSE
"2011B",198,20,FALSE
"2011B",199,16,FALSE
"2011B",200,18,FALSE
"2011B",201,24,FALSE
"2011B",202,39,FALSE
"2011B",203,24,FALSE
"2011B",204,4,FALSE
"2011B",205,34,FALSE
"2011B",206,15,FALSE
"2011B",207,15,FALSE
"2011B",208,20,FALSE
"2011B",209,24,FALSE
"2011B",210,89,FALSE
"2011B",211,18,FALSE
"2011B",212,9,FALSE
"2011B",213,27,FALSE
"2011B",214,7,FALSE
"2011B",215,11,FALSE
"2011B",216,4,FALSE
"2011B",217,2,FALSE
"2011B",218,34,FALSE
"2011B",219,3,FALSE
"2011B",220,8,FALSE
"2011B",221,25,FALSE
"2011B",222,16,FALSE
"2011B",223,20,FALSE
"2011B",224,15,FALSE
"2011B",225,4,FALSE
"2011B",226,8,FALSE
"2011B",227,5,FALSE
"2011B",228,15,FALSE
"2011B",229,22,FALSE
"2011B",230,7,FALSE
"2011B",231,10,FALSE
"2011B",232,19,FALSE
"2011B",233,19,FALSE
"2011B",234,22,FALSE
"2011B",235,2,FALSE
"2011B",236,10,FALSE
"2011B",237,19,FALSE
"2011B",238,18,FALSE
"2011B",239,25,FALSE
"2011B",240,81,FALSE
"2011B",241,74,FALSE
"2011B",242,49,FALSE
"2011B",243,7,FALSE
"2011B",244,11,FALSE
"2011B",245,20,FALSE
"2011B",246,13,FALSE
"2011B",247,26,FALSE
"2011B",248,3,FALSE
"2011B",249,2,FALSE
"2011B",250,17,FALSE
"2011B",251,10,FALSE
"2011B",252,33,FALSE
"2011B",253,16,FALSE
"2011B",254,45,FALSE
"2011B",255,20,FALSE
"2011B",256,12,FALSE
"2011B",257,11,FALSE
"2011B",258,7,FALSE
"2011B",259,18,FALSE
"2011B",260,15,FALSE
"2011B",261,12,FALSE
"2011B",262,15,FALSE
"2011B",263,15,FALSE
"2011B",264,10,FALSE
"2011B",265,29,FALSE
"2011B",266,13,FALSE
"2011B",267,18,FALSE
"2011B",268,0,TRUE
"2011B",269,10,FALSE
"2011B",270,3,FALSE
"2011B",271,18,FALSE
"2011B",272,8,FALSE
"2011B",273,15,FALSE
"2011B",274,6,FALSE
"2011B",275,22,FALSE
"2011B",276,17,FALSE
"2011B",277,25,FALSE
"2011B",278,12,FALSE
"2011B",279,17,FALSE
"2011B",280,24,FALSE
"2011B",281,34,FALSE
"2011B",282,15,FALSE
"2011B",283,4,FALSE
"2011B",284,26,FALSE
"2011B",285,0,FALSE
"2011B",286,19,FALSE
"2011B",287,21,FALSE
"2011B",288,21,FALSE
"2011B",289,39,FALSE
"2011B",290,57,FALSE
"2011B",291,14,FALSE
"2011B",292,39,FALSE
"2011B",293,106,FALSE
"2011B",294,46,FALSE
"2011B",295,20,FALSE
"2011B",296,58,FALSE
"2011B",297,21,FALSE
"2011B",298,51,FALSE
"2011B",299,46,FALSE
"2011B",300,16,FALSE
"2011B",301,44,FALSE
"2011B",302,23,FALSE
"2011B",303,133,FALSE
"2011B",304,39,FALSE
"2011B",305,38,FALSE
"2011B",306,21,FALSE
"2011B",307,37,FALSE
"2011B",308,43,FALSE
"2011B",309,10,FALSE
"2011B",310,20,FALSE
"2011B",311,20,FALSE
"2011B",312,48,FALSE
"2011B",313,19,FALSE
"2011B",314,11,FALSE
"2011B",315,33,FALSE
"2011B",316,46,FALSE
"2011B",317,48,FALSE
"2011B",318,20,FALSE
"2011B",319,95,FALSE
"2011B",320,21,FALSE
"2011B",321,63,FALSE
"2011B",322,2,FALSE
"2011B",323,36,FALSE
"2011B",324,29,FALSE
"2011B",325,83,FALSE
"2011B",326,50,FALSE
"2011B",327,12,FALSE
"2011B",328,16,FALSE
"2011B",329,24,FALSE
"2011B",330,16,FALSE
"2011B",331,21,FALSE
"2011B",332,52,FALSE
"2011B",333,70,FALSE
"2011B",334,106,FALSE
"2011B",335,130,FALSE
"2011B",336,30,FALSE
"2011B",337,38,FALSE
"2011B",338,26,FALSE
"2011B",339,53,FALSE
"2011B",340,4,FALSE
"2011B",341,16,FALSE
"2011B",342,69,FALSE
"2011B",343,6,FALSE
"2011B",344,5,FALSE
"2011B",345,105,FALSE
"2011B",346,7,FALSE
"2011B",347,35,FALSE
"2011B",348,3,FALSE
"2011B",349,41,FALSE
"2011B",350,5,FALSE
"2011B",351,5,FALSE
"2011B",352,0,FALSE
"2011B",353,7,FALSE
"2011B",354,25,FALSE
"2011B",355,6,FALSE
"2011B",356,8,FALSE
"2011B",357,35,FALSE
"2011B",358,64,FALSE
"2011B",359,5,FALSE
"2011B",360,8,FALSE
"2011B",361,32,FALSE
"2011B",362,2,FALSE
"2011B",363,67,FALSE
"2011B",364,0,FALSE
"2011B",365,16,FALSE
"2011B",366,20,FALSE
"2011B",367,13,FALSE
"2011B",368,2,FALSE
"2011B",369,13,FALSE
"2011B",370,4,FALSE
"2011B",371,4,FALSE
"2011B",372,1,FALSE
"2011B",373,0,FALSE
"2011B",374,6,FALSE
"2011B",375,6,FALSE
"2011B",376,49,FALSE
"2011B",377,3,FALSE
"2011B",378,14,FALSE
"2011B",379,9,FALSE
"2011B",380,6,FALSE
"2011B",381,8,FALSE
"2011B",382,0,FALSE
"2011B",383,0,FALSE
"2011B",384,0,FALSE
"2011B",385,0,FALSE
"2011B",386,0,FALSE
"2011B",387,5,FALSE
"2011B",388,8,FALSE
"2011B",389,13,FALSE
"2011B",390,12,FALSE
"2011B",391,17,FALSE
"2011B",392,3,FALSE
"2011B",393,10,FALSE
"2011B",394,20,FALSE
"2011B",395,19,FALSE
"2011B",396,5,FALSE
"2011B",397,31,FALSE
"2011B",398,26,FALSE
"2011B",399,7,FALSE
"2011B",400,30,FALSE
"2011B",401,43,FALSE
"2011B",402,13,FALSE
"2011B",403,15,FALSE
"2011B",404,12,FALSE
"2011B",405,44,FALSE
"2011B",406,10,FALSE
"2011B",407,7,FALSE
"2011B",408,10,FALSE
"2011B",409,12,FALSE
"2011B",410,12,FALSE
"2011B",411,16,FALSE
"2011B",412,34,FALSE
"2011B",413,111,FALSE
"2011B",414,13,FALSE
"2011B",415,13,FALSE
"2011B",416,4,FALSE
"2011B",417,6,FALSE
"2011B",418,13,FALSE
"2011B",419,14,FALSE
"2011B",420,22,FALSE
"2011B",421,9,FALSE
"2011B",422,51,FALSE
"2011B",423,15,FALSE
"2011B",424,41,FALSE
"2011B",425,13,FALSE
"2011B",426,7,FALSE
"2011B",427,27,FALSE
"2011B",428,30,FALSE
"2011B",429,23,FALSE
"2011B",430,30,FALSE
"2011B",431,5,FALSE
"2011B",432,2,FALSE
"2011B",433,0,TRUE
"2011B",434,14,FALSE
"2011B",435,12,FALSE
"2011B",436,2,FALSE
"2011B",437,3,FALSE
"2011B",438,36,FALSE
"2011B",439,5,FALSE
"2011B",440,14,FALSE
"2011B",441,7,FALSE
"2011B",442,16,FALSE
"2011B",443,7,FALSE
"2011B",444,9,FALSE
"2011B",445,12,FALSE
"2011B",446,5,FALSE
"2011B",447,33,FALSE
"2011B",448,16,FALSE
"2011B",449,1,FALSE
"2011B",450,11,FALSE
"2011B",451,21,FALSE
"2011B",452,16,FALSE
"2011B",453,23,FALSE
"2011B",454,20,FALSE
"2011B",455,8,FALSE
"2011B",456,7,FALSE
"2011B",457,5,FALSE
"2011B",458,1,FALSE
"2011B",459,11,FALSE
"2011B",460,6,FALSE
"2011B",461,50,FALSE
"2011B",462,0,TRUE
"2011B",463,9,FALSE
"2011B",464,5,FALSE
"2011B",465,2,FALSE
"2011B",466,15,FALSE
"2011B",467,16,FALSE
"2011B",468,13,FALSE
"2011B",469,46,FALSE
"2011B",470,16,FALSE
"2011B",471,12,FALSE
"2011B",472,6,FALSE
"2011B",473,4,FALSE
"2011B",474,9,FALSE
"2011B",475,8,FALSE
"2011B",476,0,TRUE
"2011B",477,3,FALSE
"2011B",478,2,FALSE
"2011B",479,3,FALSE
"2011B",480,1,FALSE
"2011B",481,4,FALSE
"2011B",482,1,FALSE
"2011B",483,0,TRUE
"2011B",484,0,TRUE
"2011B",485,2,FALSE
"2011B",486,0,TRUE
"2011B",487,2,FALSE
"2011B",488,1,FALSE
"2011B",489,3,FALSE
"2011B",490,2,FALSE
"2011B",491,1,FALSE
"2011B",492,1,FALSE
"2011B",493,9,FALSE
"2011B",494,3,FALSE
"2011B",495,1,FALSE
"2011B",496,1,FALSE
"2011B",497,0,TRUE
"2011B",498,1,FALSE
"2011B",499,1,FALSE
"2011B",500,0,TRUE
"2011B",501,1,FALSE
"2011B",502,1,FALSE
"2011B",503,1,FALSE
"2011B",504,0,TRUE
"2011B",505,4,FALSE
"2011B",506,8,FALSE
"2011B",507,1,FALSE
"2011B",508,1,FALSE
"2011B",509,2,FALSE
"2011B",510,3,FALSE
"2011B",511,6,FALSE
"2011B",512,0,TRUE
"2011B",513,4,FALSE
"2011B",514,1,FALSE
"2011B",515,0,TRUE
"2011B",516,2,FALSE
"2011B",517,2,FALSE
"2011B",518,13,FALSE
"2011B",519,10,FALSE
"2011B",520,0,TRUE
"2011B",521,1,FALSE
"2011B",522,12,FALSE
"2011B",523,3,FALSE
"2011B",524,0,TRUE
"2011B",525,0,TRUE
"2011B",526,4,FALSE
"2011B",527,2,FALSE
"2011B",528,5,FALSE
"2011B",529,14,FALSE
"2011B",530,2,FALSE
"2011B",531,13,FALSE
"2011B",532,6,FALSE
"2011B",533,11,FALSE
"2011B",534,15,FALSE
"2011B",535,3,FALSE
"2011B",536,3,FALSE
"2011B",537,11,FALSE
"2011B",538,4,FALSE
"2011B",539,5,FALSE
"2011B",540,5,FALSE
"2011B",541,5,FALSE
"2011B",542,0,TRUE
"2011B",543,10,FALSE
"2011B",544,11,FALSE
"2011B",545,2,FALSE
"2011B",546,2,FALSE
"2011B",547,4,FALSE
"2011B",548,3,FALSE
"2011B",549,12,FALSE
"2011B",550,10,FALSE
"2011B",551,0,TRUE
"2011B",552,22,FALSE
"2011B",553,1,FALSE
"2011B",554,4,FALSE
"2011B",555,39,FALSE
"2011B",556,0,TRUE
"2011B",557,0,FALSE
"2011B",558,0,FALSE
"2011B",559,19,FALSE
"2011B",560,14,FALSE
"2011B",561,17,FALSE
"2011B",562,1,FALSE
"2011B",563,1,FALSE
"2011B",564,12,FALSE
"2011B",565,0,TRUE
"2011B",566,0,FALSE
"2011B",567,7,FALSE
"2011B",568,12,FALSE
"2011B",569,39,FALSE
"2011B",570,68,FALSE
"2011B",571,31,FALSE
"2011B",572,9,FALSE
"2011B",573,13,FALSE
"2011B",574,6,FALSE
"2011B",575,25,FALSE
"2011B",576,18,FALSE
"2011B",577,84,FALSE
"2011B",578,0,FALSE
"2011B",579,0,TRUE
"2012",1,34,FALSE
"2012",2,6,FALSE
"2012",3,16,FALSE
"2012",4,13,FALSE
"2012",5,12,FALSE
"2012",6,17,FALSE
"2012",7,13,FALSE
"2012",8,6,FALSE
"2012",9,10,FALSE
"2012",10,37,FALSE
"2012",11,22,FALSE
"2012",12,9,FALSE
"2012",13,10,FALSE
"2012",14,2,FALSE
"2012",15,11,FALSE
"2012",16,1,FALSE
"2012",17,1,FALSE
"2012",18,3,FALSE
"2012",19,1,FALSE
"2012",20,3,FALSE
"2012",21,14,FALSE
"2012",22,26,FALSE
"2012",23,7,FALSE
"2012",24,5,FALSE
"2012",25,9,FALSE
"2012",26,25,FALSE
"2012",27,18,FALSE
"2012",28,18,FALSE
"2012",29,0,TRUE
"2012",30,4,FALSE
"2012",31,14,FALSE
"2012",32,11,FALSE
"2012",33,2,FALSE
"2012",34,12,FALSE
"2012",35,7,FALSE
"2012",36,19,FALSE
"2012",37,2,FALSE
"2012",38,1,FALSE
"2012",39,10,FALSE
"2012",40,0,TRUE
"2012",41,13,FALSE
"2012",42,6,FALSE
"2012",43,12,FALSE
"2012",44,1,FALSE
"2012",45,3,FALSE
"2012",46,3,FALSE
"2012",47,1,FALSE
"2012",48,3,FALSE
"2012",49,22,FALSE
"2012",50,16,FALSE
"2012",51,4,FALSE
"2012",52,2,FALSE
"2012",53,26,FALSE
"2012",54,5,FALSE
"2012",55,26,FALSE
"2012",56,8,FALSE
"2012",57,13,FALSE
"2012",58,9,FALSE
"2012",59,6,FALSE
"2012",60,27,FALSE
"2012",61,0,TRUE
"2012",62,0,TRUE
"2012",63,0,TRUE
"2012",64,0,TRUE
"2012",65,0,TRUE
"2012",66,0,TRUE
"2012",67,0,TRUE
"2012",68,0,TRUE
"2012",69,0,TRUE
"2012",70,0,TRUE
"2012",71,0,TRUE
"2012",72,0,TRUE
"2012",73,0,TRUE
"2012",74,0,TRUE
"2012",75,0,TRUE
"2012",76,0,TRUE
"2012",77,0,TRUE
"2012",78,0,TRUE
"2012",79,0,TRUE
"2012",80,0,TRUE
"2012",81,0,TRUE
"2012",82,0,TRUE
"2012",83,0,TRUE
"2012",84,0,TRUE
"2012",85,0,TRUE
"2012",86,0,TRUE
"2012",87,0,TRUE
"2012",88,0,TRUE
"2012",89,0,TRUE
"2012",90,0,TRUE
"2012",91,0,TRUE
"2012",92,0,TRUE
"2012",93,0,TRUE
"2012",94,0,TRUE
"2012",95,0,TRUE
"2012",96,0,TRUE
"2012",97,3,FALSE
"2012",98,14,FALSE
"2012",99,18,FALSE
"2012",100,16,FALSE
"2012",101,60,FALSE
"2012",102,14,FALSE
"2012",103,22,FALSE
"2012",104,10,FALSE
"2012",105,14,FALSE
"2012",106,5,FALSE
"2012",107,28,FALSE
"2012",108,31,FALSE
"2012",109,9,FALSE
"2012",110,30,FALSE
"2012",111,22,FALSE
"2012",112,22,FALSE
"2012",113,49,FALSE
"2012",114,58,FALSE
"2012",115,1,FALSE
"2012",116,15,FALSE
"2012",117,0,TRUE
"2012",118,26,FALSE
"2012",119,6,FALSE
"2012",120,78,FALSE
"2012",121,14,FALSE
"2012",122,19,FALSE
"2012",123,0,FALSE
"2012",124,23,FALSE
"2012",125,33,FALSE
"2012",126,2,FALSE
"2012",127,15,FALSE
"2012",128,44,FALSE
"2012",129,41,FALSE
"2012",130,44,FALSE
"2012",131,33,FALSE
"2012",132,18,FALSE
"2012",133,45,FALSE
"2012",134,2,FALSE
"2012",135,12,FALSE
"2012",136,6,FALSE
"2012",137,2,FALSE
"2012",138,22,FALSE
"2012",139,25,FALSE
"2012",140,6,FALSE
"2012",141,15,FALSE
"2012",142,19,FALSE
"2012",143,10,FALSE
"2012",144,43,FALSE
"2012",145,17,FALSE
"2012",146,10,FALSE
"2012",147,19,FALSE
"2012",148,7,FALSE
"2012",149,11,FALSE
"2012",150,17,FALSE
"2012",151,3,FALSE
"2012",152,29,FALSE
"2012",153,28,FALSE
"2012",154,27,FALSE
"2012",155,25,FALSE
"2012",156,17,FALSE
"2012",157,40,FALSE
"2012",158,8,FALSE
"2012",159,40,FALSE
"2012",160,39,FALSE
"2012",161,3,FALSE
"2012",162,9,FALSE
"2012",163,7,FALSE
"2012",164,5,FALSE
"2012",165,27,FALSE
"2012",166,20,FALSE
"2012",167,25,FALSE
"2012",168,10,FALSE
"2012",169,36,FALSE
"2012",170,3,FALSE
"2012",171,18,FALSE
"2012",172,29,FALSE
"2012",173,7,FALSE
"2012",174,13,FALSE
"2012",175,0,TRUE
"2012",176,18,FALSE
"2012",177,26,FALSE
"2012",178,20,FALSE
"2012",179,23,FALSE
"2012",180,25,FALSE
"2012",181,14,FALSE
"2012",182,7,FALSE
"2012",183,1,FALSE
"2012",184,3,FALSE
"2012",185,7,FALSE
"2012",186,2,FALSE
"2012",187,0,FALSE
"2012",188,3,FALSE
"2012",189,11,FALSE
"2012",190,20,FALSE
"2012",191,15,FALSE
"2012",192,12,FALSE
"2012",193,18,FALSE
"2012",194,8,FALSE
"2012",195,5,FALSE
"2012",196,32,FALSE
"2012",197,45,FALSE
"2012",198,19,FALSE
"2012",199,31,FALSE
"2012",200,14,FALSE
"2012",201,2,FALSE
"2012",202,4,FALSE
"2012",203,20,FALSE
"2012",204,7,FALSE
"2012",205,11,FALSE
"2012",206,17,FALSE
"2012",207,53,FALSE
"2012",208,18,FALSE
"2012",209,4,FALSE
"2012",210,53,FALSE
"2012",211,60,FALSE
"2012",212,26,FALSE
"2012",213,0,TRUE
"2012",214,24,FALSE
"2012",215,11,FALSE
"2012",216,5,FALSE
"2012",217,3,FALSE
"2012",218,7,FALSE
"2012",219,9,FALSE
"2012",220,15,FALSE
"2012",221,3,FALSE
"2012",222,8,FALSE
"2012",223,13,FALSE
"2012",224,3,FALSE
"2012",225,4,FALSE
"2012",226,8,FALSE
"2012",227,7,FALSE
"2012",228,8,FALSE
"2012",229,8,FALSE
"2012",230,19,FALSE
"2012",231,18,FALSE
"2012",232,13,FALSE
"2012",233,22,FALSE
"2012",234,29,FALSE
"2012",235,5,FALSE
"2012",236,31,FALSE
"2012",237,13,FALSE
"2012",238,3,FALSE
"2012",239,20,FALSE
"2012",240,58,FALSE
"2012",241,0,TRUE
"2012",242,0,TRUE
"2012",243,0,TRUE
"2012",244,0,TRUE
"2012",245,0,TRUE
"2012",246,0,TRUE
"2012",247,0,TRUE
"2012",248,0,TRUE
"2012",249,0,TRUE
"2012",250,0,TRUE
"2012",251,0,TRUE
"2012",252,0,TRUE
"2012",253,16,FALSE
"2012",254,29,FALSE
"2012",255,60,FALSE
"2012",256,4,FALSE
"2012",257,14,FALSE
"2012",258,9,FALSE
"2012",259,12,FALSE
"2012",260,6,FALSE
"2012",261,0,FALSE
"2012",262,63,FALSE
"2012",263,3,FALSE
"2012",264,1,FALSE
"2012",265,33,FALSE
"2012",266,31,FALSE
"2012",267,51,FALSE
"2012",268,15,FALSE
"2012",269,10,FALSE
"2012",270,41,FALSE
"2012",271,7,FALSE
"2012",272,52,FALSE
"2012",273,33,FALSE
"2012",274,4,FALSE
"2012",275,16,FALSE
"2012",276,16,FALSE
"2012",277,25,FALSE
"2012",278,18,FALSE
"2012",279,29,FALSE
"2012",280,14,FALSE
"2012",281,20,FALSE
"2012",282,41,FALSE
"2012",283,30,FALSE
"2012",284,57,FALSE
"2012",285,21,FALSE
"2012",286,31,FALSE
"2012",287,17,FALSE
"2012",288,34,FALSE
"2012",289,9,FALSE
"2012",290,12,FALSE
"2012",291,1,FALSE
"2012",292,21,FALSE
"2012",293,2,FALSE
"2012",294,5,FALSE
"2012",295,4,FALSE
"2012",296,6,FALSE
"2012",297,10,FALSE
"2012",298,13,FALSE
"2012",299,3,FALSE
"2012",300,7,FALSE
"2012",301,5,FALSE
"2012",302,0,TRUE
"2012",303,10,FALSE
"2012",304,70,FALSE
"2012",305,9,FALSE
"2012",306,4,FALSE
"2012",307,5,FALSE
"2012",308,13,FALSE
"2012",309,5,FALSE
"2012",310,6,FALSE
"2012",311,3,FALSE
"2012",312,26,FALSE
"2012",313,10,FALSE
"2012",314,16,FALSE
"2012",315,1,FALSE
"2012",316,24,FALSE
"2012",317,43,FALSE
"2012",318,5,FALSE
"2012",319,8,FALSE
"2012",320,11,FALSE
"2012",321,14,FALSE
"2012",322,0,TRUE
"2012",323,33,FALSE
"2012",324,6,FALSE
"2012",325,53,FALSE
"2012",326,6,FALSE
"2012",327,11,FALSE
"2012",328,14,FALSE
"2012",329,14,FALSE
"2012",330,74,FALSE
"2012",331,31,FALSE
"2012",332,1,FALSE
"2012",333,21,FALSE
"2012",334,21,FALSE
"2012",335,13,FALSE
"2012",336,7,FALSE
"2012",337,6,FALSE
"2012",338,11,FALSE
"2012",339,22,FALSE
"2012",340,1,FALSE
"2012",341,21,FALSE
"2012",342,1,FALSE
"2012",343,3,FALSE
"2012",344,10,FALSE
"2012",345,12,FALSE
"2012",346,3,FALSE
"2012",347,11,FALSE
"2012",348,32,FALSE
"2012",349,3,FALSE
"2012",350,12,FALSE
"2012",351,69,FALSE
"2012",352,11,FALSE
"2012",353,13,FALSE
"2012",354,2,FALSE
"2012",355,5,FALSE
"2012",356,10,FALSE
"2012",357,16,FALSE
"2012",358,35,FALSE
"2012",359,32,FALSE
"2012",360,6,FALSE
"2012",361,32,FALSE
"2012",362,17,FALSE
"2012",363,22,FALSE
"2012",364,7,FALSE
"2012",365,76,FALSE
"2012",366,4,FALSE
"2012",367,16,FALSE
"2012",368,46,FALSE
"2012",369,24,FALSE
"2012",370,0,TRUE
"2012",371,2,FALSE
"2012",372,7,FALSE
"2012",373,3,FALSE
"2012",374,15,FALSE
"2012",375,8,FALSE
"2012",376,5,FALSE
"2012",377,5,FALSE
"2012",378,12,FALSE
"2012",379,3,FALSE
"2012",380,6,FALSE
"2012",381,42,FALSE
"2012",382,0,TRUE
"2012",383,0,TRUE
"2012",384,0,TRUE
"2012",385,0,TRUE
"2012",386,13,FALSE
"2012",387,20,FALSE
"2012",388,6,FALSE
"2012",389,9,FALSE
"2012",390,17,FALSE
"2012",391,8,FALSE
"2012",392,25,FALSE
"2012",393,44,FALSE
"2012",394,19,FALSE
"2012",395,23,FALSE
"2012",396,6,FALSE
"2012",397,25,FALSE
"2012",398,19,FALSE
"2012",399,7,FALSE
"2012",400,10,FALSE
"2012",401,30,FALSE
"2012",402,8,FALSE
"2012",403,1,FALSE
"2012",404,12,FALSE
"2012",405,85,FALSE
"2012",406,8,FALSE
"2012",407,1,FALSE
"2012",408,27,FALSE
"2012",409,20,FALSE
"2012",410,50,FALSE
"2012",411,31,FALSE
"2012",412,49,FALSE
"2012",413,17,FALSE
"2012",414,48,FALSE
"2012",415,39,FALSE
"2012",416,18,FALSE
"2012",417,7,FALSE
"2012",418,36,FALSE
"2012",419,10,FALSE
"2012",420,18,FALSE
"2012",421,56,FALSE
"2012",422,38,FALSE
"2012",423,13,FALSE
"2012",424,29,FALSE
"2012",425,59,FALSE
"2012",426,19,FALSE
"2012",427,9,FALSE
"2012",428,80,FALSE
"2012",429,13,FALSE
"2012",430,6,FALSE
"2012",431,0,TRUE
"2012",432,10,FALSE
"2012",433,10,FALSE
"2012",434,6,FALSE
"2012",435,10,FALSE
"2012",436,20,FALSE
"2012",437,33,FALSE
"2012",438,19,FALSE
"2012",439,1,FALSE
"2012",440,43,FALSE
"2012",441,4,FALSE
"2012",442,27,FALSE
"2012",443,7,FALSE
"2012",444,7,FALSE
"2012",445,11,FALSE
"2012",446,12,FALSE
"2012",447,4,FALSE
"2012",448,11,FALSE
"2012",449,9,FALSE
"2012",450,36,FALSE
"2012",451,42,FALSE
"2012",452,14,FALSE
"2012",453,10,FALSE
"2012",454,15,FALSE
"2012",455,16,FALSE
"2012",456,13,FALSE
"2012",457,12,FALSE
"2012",458,9,FALSE
"2012",459,31,FALSE
"2012",460,19,FALSE
"2012",461,6,FALSE
"2012",462,1,FALSE
"2012",463,20,FALSE
"2012",464,18,FALSE
"2012",465,16,FALSE
"2012",466,21,FALSE
"2012",467,70,FALSE
"2012",468,47,FALSE
"2012",469,22,FALSE
"2012",470,14,FALSE
"2012",471,3,FALSE
"2012",472,11,FALSE
"2012",473,6,FALSE
"2012",474,16,FALSE
"2012",475,2,FALSE
"2012",476,4,FALSE
"2012",477,11,FALSE
"2012",478,0,FALSE
"2012",479,0,TRUE
"2012",480,2,FALSE
"2012",481,0,TRUE
"2012",482,0,TRUE
"2012",483,2,FALSE
"2012",484,6,FALSE
"2012",485,9,FALSE
"2012",486,19,FALSE
"2012",487,4,FALSE
"2012",488,7,FALSE
"2012",489,13,FALSE
"2012",490,0,TRUE
"2012",491,0,FALSE
"2012",492,1,FALSE
"2012",493,4,FALSE
"2012",494,0,TRUE
"2012",495,0,TRUE
"2012",496,0,TRUE
"2012",497,0,FALSE
"2012",498,0,TRUE
"2012",499,12,FALSE
"2012",500,0,TRUE
"2012",501,0,TRUE
"2012",502,12,FALSE
"2012",503,26,FALSE
"2012",504,5,FALSE
"2012",505,6,FALSE
"2012",506,40,FALSE
"2012",507,22,FALSE
"2012",508,18,FALSE
"2012",509,2,FALSE
"2012",510,5,FALSE
"2012",511,10,FALSE
"2012",512,3,FALSE
"2012",513,1,FALSE
"2012",514,3,FALSE
"2012",515,16,FALSE
"2012",516,9,FALSE
"2012",517,8,FALSE
"2012",518,2,FALSE
"2012",519,14,FALSE
"2012",520,4,FALSE
"2012",521,14,FALSE
"2012",522,12,FALSE
"2012",523,20,FALSE
"2012",524,30,FALSE
"2012",525,1,FALSE
"2012",526,9,FALSE
"2012",527,16,FALSE
"2012",528,7,FALSE
"2012",529,84,FALSE
"2012",530,164,FALSE
"2012",531,12,FALSE
"2012",532,84,FALSE
"2012",533,45,FALSE
"2012",534,1,FALSE
"2012",535,1,FALSE
"2012",536,44,FALSE
"2012",537,18,FALSE
"2012",538,9,FALSE
"2012",539,18,FALSE
"2012",540,29,FALSE
"2012",541,52,FALSE
"2012",542,94,FALSE
"2012",543,88,FALSE
"2012",544,86,FALSE
"2012",545,49,FALSE
"2012",546,48,FALSE
"2012",547,46,FALSE
"2012",548,14,FALSE
"2012",549,28,FALSE
"2012",550,15,FALSE
"2012",551,32,FALSE
"2012",552,69,FALSE
"2012",553,18,FALSE
"2012",554,30,FALSE
"2012",555,14,FALSE
"2012",556,11,FALSE
"2012",557,14,FALSE
"2012",558,17,FALSE
"2012",559,26,FALSE
"2012",560,31,FALSE
"2012",561,18,FALSE
"2012",562,137,FALSE
"2012",563,26,FALSE
"2012",564,21,FALSE
"2012",565,9,FALSE
"2012",566,13,FALSE
"2012",567,3,FALSE
"2012",568,19,FALSE
"2012",569,6,FALSE
"2012",570,17,FALSE
"2012",571,28,FALSE
"2012",572,9,FALSE
"2012",573,23,FALSE
"2012",574,3,FALSE
"2012",575,4,FALSE
"2012",576,30,FALSE
"2012",577,31,FALSE
"2012",578,6,FALSE
"2012",579,13,FALSE
